Sector,Industry
Communication Services,Telecom Services
Consumer Discretionary,Advertising Agencies
Consumer Discretionary,Apparel Manufacturing
Consumer Discretionary,Apparel Stores
Consumer Discretionary,Auto & Truck Dealerships
Consumer Discretionary,Auto Manufacturers
Consumer Discretionary,Auto Parts
Consumer Discretionary,Broadcasting - Radio
Consumer Discretionary,Broadcasting - TV
Consumer Discretionary,Computer Distribution
Consumer Discretionary,Consumer Electronics
Consumer Discretionary,Contract Manufacturers
Consumer Discretionary,Department Stores
Consumer Discretionary,Discount Stores
Consumer Discretionary,Education & Training Services
Consumer Discretionary,Electronics Distribution
Consumer Discretionary,Footwear & Accessories
Consumer Discretionary,Gambling
Consumer Discretionary,Home Furnishings & Fixtures
Consumer Discretionary,Home Improvement Stores
Consumer Discretionary,Leisure
Consumer Discretionary,Lodging
Consumer Discretionary,Luxury Goods
Consumer Discretionary,Marketing Services
Consumer Discretionary,Media - Diversified
Consumer Discretionary,Pay TV
Consumer Discretionary,Personal Services
Consumer Discretionary,Publishing
Consumer Discretionary,Residential Construction
Consumer Discretionary,Resorts & Casinos
Consumer Discretionary,Restaurants
Consumer Discretionary,Specialty Retail
Consumer Discretionary,Textile Manufacturing
Consumer Discretionary,Tools & Accessories
Consumer Staples,Beverages - Brewers
Consumer Staples,Beverages - Soft Drinks
Consumer Staples,Beverages - Wineries & Distilleries
Consumer Staples,Confectioners
Consumer Staples,Farm Products
Consumer Staples,Food Distribution
Consumer Staples,Grocery Stores
Consumer Staples,Household & Personal Products
Consumer Staples,Packaged Foods
Consumer Staples,Tobacco
Energy,Coal
Energy,Oil & Gas Drilling
Energy,Oil & Gas E&P
Energy,Oil & Gas Equipment & Services
Energy,Oil & Gas Integrated
Energy,Oil & Gas Midstream
Energy,Oil & Gas Refining & Marketing
Financials,Asset Management
Financials,Business Services
Financials,Capital Markets
Financials,Credit Services
Financials,Financial Exchanges
Financials,Insurance - Specialty
Financials,Insurance Brokers
Financials,Specialty Finance
Health Care,Biotechnology
Health Care,Drug Manufacturers - Major
Health Care,Drug Manufacturers - Specialty & Generic
Health Care,Health Care Plans
Health Care,Health Information Services
Health Care,Long-Term Care Facilities
Health Care,Medical Care
Health Care,Medical Devices
Health Care,Medical Distribution
Health Care,Medical Instruments & Supplies
Health Care,Pharmaceutical Retailers
Health Care,Staffing & Outsourcing Services
Industrials,Aerospace & Defense
Industrials,Airlines
Industrials,Airports & Air Services
Industrials,Business Equipment
Industrials,Conglomerates
Industrials,Diagnostics & Research
Industrials,Diversified Industrials
Industrials,Electronic Components
Industrials,Electronic Gaming & Multimedia
Industrials,Engineering & Construction
Industrials,Farm & Construction Equipment
Industrials,Industrial Distribution
Industrials,Integrated Shipping & Logistics
Industrials,Pollution & Treatment Controls
Industrials,Railroads
Industrials,Recreational Vehicles
Industrials,Security & Protection Services
Industrials,Shipping & Ports
Industrials,Truck Manufacturing
Industrials,Trucking
Industrials,Waste Management
Information Technology,Communication Equipment
Information Technology,Computer Systems
Information Technology,Data Storage
Information Technology,Information Technology Services
Information Technology,Internet Content & Information
Information Technology,Scientific & Technical Instruments
Information Technology,Semiconductor Equipment & Materials
Information Technology,Semiconductor Memory
Information Technology,Semiconductors
Information Technology,Software - Application
Information Technology,Software - Infrastructure
Materials,Agricultural Inputs
Materials,Aluminum
Materials,Building Materials
Materials,Chemicals
Materials,Copper
Materials,Gold
Materials,Industrial Metals & Minerals
Materials,Lumber & Wood Production
Materials,Metal Fabrication
Materials,Packaging & Containers
Materials,Paper & Paper Products
Materials,Rubber & Plastics
Materials,Specialty Chemicals
Materials,Steel
Real Estate,Real Estate - General
Real Estate,Real Estate Services
Utilities,Solar
Utilities,Utilities - Diversified
Utilities,Utilities - Independent Power Producers
Utilities,Utilities - Regulated Electric
Utilities,Utilities - Regulated Gas
Utilities,Utilities - Regulated Water
